{
  "snow": {
    "instance": "dev82891.service-now.com",
    "auth": "Basic YWRtaW46MEp0U3pMcm9FazNL",
    "endpoint": "x_174999_ll_index.do"
  },
  "application": {
    "name": "NeedIt",
    "scope": "x_58872_needit",
    "sys_id": "6ead8e780f603200cd674f8ce1050ed1"
  },
  "files": {
    "html": {
      "index": "811be9c61b534010a2c4dc6cdc4bcb6c"
    },
    "js": {
      "inline": "",
      "polyfills": "c80aa9861b134010a2c4dc6cdc4bcb13",
      "vendor": "",
      "main": "ddb7469edbf23300b5c39444ca96199f",
      "runtime": "82fd74d61b130010a2c4dc6cdc4bcb39  "
    },
    "css": {
      "styles": "009b2a2e1b170010a2c4dc6cdc4bcbb5"
    }
  }
}